timestamp,symbol,date,headline,source,url,search_term,is_relevant,relevance_reason,combined_sentiment,sentiment_label,event_tag,textblob_polarity,vader_compound,finbert_score
20250817_162848,COCHINSHIP.NS,2025-08-13,Cochin Shipyard shares rise 3 despite analyst caution should you sell? - Business Standard,GoogleNewsRSS,https://news.google.com/rss/articles/CBMi3gFBVV95cUxQdDA1Y2UxWDdmOENNWlhwWnlnYTBfVFRfQ1lfcXVXX3FwaHB4aG9kMVJhMjJrSUR4bkJaRVdlREVUOWhNNnRrbTRkb2pCNExBcmJfOTZhbkJEY0JCS09VTlJaQ0RQYjhlS1QxLVBncTRLbDF3ekdQMndLdGJEdnF5ZU5nRVNZdkttQ1JicVBPYkhFSjVaOVdOcVh1YnFjdDF1eVR6VXVTNVNId1Rha3l2YUtGTkVkY3ZScHlIOVo2UHFieGVKOTZzX09pR1pndWdob21oLWdTak5pT3dvRXfSAeMBQVVfeXFMTmZyX2VzVnNQbk9MR0s0MWthbDRMaW1CQnhaV2J5YkFCUkhtRkxpLS1laER4OExvZGRlOWJyV29FQ3hQbFZuZEgtdVAwN24wNHQySC1yLVZ4MUtyZ254b29YdGotcDVMVGdMUF9rMnowdy1Kc25rdHF0T3ctQTRSRHE5ekhCSEtjLUplLWoxSWJLOHIzVkI4ZDlVemI3V20yRlVFeU44bURkd2h1QVJYQlk4cXpWdFRUOU9IU2NjRlFWTmRuT2NOeF9fUFM5c3kxck1LSURuNGZMSTQ0d3VfV1BOTjA?oc=5,Cochin Shipyard,True,Contains stock name: Cochin Shipyard,0.4023702969551086,positive,broker_rating,0.0,0.296,0.5472838282585144
20250817_162848,COCHINSHIP.NS,2025-08-13,"Stocks to watch Nykaa, IRCTC, Vodafone Idea, Cochin Shipyard, BPCL among shares in focus today - Mint",GoogleNewsRSS,https://news.google.com/rss/articles/CBMi8gFBVV95cUxQVzdFMXpGNEVWS3B2dEpQM1Uwdnc3R0VGTzNvU0gzdFJlbHBON2NHd3Y5S0xad3g0dGJXV2V6ZUF0SFd4bGFhY3dRSWwtVmg5Q1Y4WXJnLW5rVnFIYUpJYXJodVBRYXh4bUxDaDdDZ2JiWHJ5ZDFuaGJQaE80Y2prc3JxbVFQbm9GZTF1aWFJaXE3dTdoN25fMGVQQmlPQ19HMWZsNHlIZGFvUEJWbEh2bzRGeVdBYnlHTG1fTkRfZGhEaE1NSVQtd1hkZzhGVVdsbktacV92N194amV6NzgtTWhzTVVESnNucUZka0NQVUlaZ9IB9wFBVV95cUxOaVVMc1VKa3lRVmlkTHVFSXUydnE0OVUzbnVDdmV6bXJsTjNQa1hpZk1XNVE2Y0NiTDNWSDVyd1pXWjBiaU52b1FHZHFRVmhnM3Job0kxVUJJSEE0bjdrWWdFTUdqcXU3WVcxQTV4d3l3SHVidjdiZXlLWTlfZzg2Vk54Nlk1c0Q3Y3RaVWJGdk5tV0tCcmRlVFM5RDNvTHN4VzBUVzNmMXNXTkswZlJTVFdDN3JMTnpyUEZWRFZOSG5waTBlZ3RPeXpQTXhtRnBDVkVlQnRLTUt5T0FrclhxZ1NhUVpUZUhwR2xYZUJCR3I5eVJjV25Z?oc=5,Cochin Shipyard,True,Contains stock name: Cochin Shipyard,0.07399700485786888,neutral,general,0.0,0.296,-4.991903551854193e-06
20250817_162848,COCHINSHIP.NS,2025-08-12,"Stocks to watch Hindalco, Indian Hotels, HAL, Cochin Shipyard among shares in focus today - Mint",GoogleNewsRSS,https://news.google.com/rss/articles/CBMi7AFBVV95cUxQYllHVDZoOWlpQm5MYjlOYS1iOGJqTDZYSDdwZHBmZzBWUUFENmpuNmZWaGxCSmVDeEw0eEUxLUs1WTBLdmRtaUFlRUp1VkZaOENQQWFsWld3TkZpSkhXd2d5Q2dvTnNMdDhvNzNrb0RrcUlwa3MwcE1zajdYbGtmOTEwdnptbUdJdlFmSGQwY3Ntd2ZKNnpZa2JHQ0p5cXdPZ2YyQnNCU1g1SHlvbXFLcl9rdWdra3V6Y1N1TW5mSEVjT2k5YUV6MlhkVTNDZ1ozSW5zN3cyVml1S1pKNUF3cFdISnBHUHBJSXY0WNIB8gFBVV95cUxNZGR0YXc1aG51a2xnTm94LTRuRktTSXpwTFY3XzlOemQ1eGQ4emQ4dFg2S0t4WVJqNHlZUVVRNXB2MWpwMkhiTkp0TjQzNEpGOWY1ZXVJc2FKV2traDJMNV84UWlpMG5TTS0wYUVPTDdHdmRydXFLd3V6MXdTUGV1NS1FZVBVUG91NHFiaDdydVE2enZ6YkdhZmFUSnZ5NlpmOHJURU1leUtfVGM1Rzlpb3p1NmFpdklJWDRIQ3VPb0dyV0tvWnZ1c0xaUU9WS3dMY3E2MmJjUTNKeGhwYWROX3RGZ01pR3o2TDc4NEdYMmRfUQ?oc=5,Cochin Shipyard,True,Contains stock name: Cochin Shipyard,0.07396458424138837,neutral,general,0.0,0.296,-5.9026264352723956e-05
20250817_162848,COCHINSHIP.NS,2025-08-13,"Stocks to Watch today, Aug 13 Paytm, Nykaa, NSDL, ONGC, Cochin Shipyard - Business Standard",GoogleNewsRSS,https://news.google.com/rss/articles/CBMizgFBVV95cUxQbVllRzVuLTVLc2xhRm9zZzEzYk43bWZJV0hhQ1NnUkcwd3Jud1J6QUxBMEloOUJSaGNZRmQ5ZnM2emUzbTh6Ym1abGxXX3I0VDZrbDB4dW9SQ2ttS2FGc2QtX0t1V1RUQ1dEN0dVbGE3WmtYa2xGMkZHcmRZdkppTkNYUEtFZ3M0V0paZUZrMFAxcFdURnNuYl9welFPZ1VJTEt6NTBROHhoMEFrRjhBNnNTQnZrOFFITnNlbG1mX2JVbmpnOUt5Vm9QamNPd9IB0wFBVV95cUxNcFNqNDM1ZDkyVlhMNjlxWmdZNVJqMUJSU1JuaXBTLThTSkNPS3VTQVp3QUZ3MlBTME1sLWthNjkxbjZoVkpiNDhadUtrTHBENXJaQXZOVmZoZTh1b3ZqTURoUnNvSGJIdHQ0c0FhRlhyTzVScnRHdnc2MW5wMlhJeUF1WDBfa2hvUTUxQVc4TWYwLXVwU3ZPLVBjemFycTBuVExYazZJbHk3NU9RSTZ2ZkhaNjBXX3hYMmY4SGtmbmY3LXJKMzN0Y1dwc3NBNTRzWkN3?oc=5,Cochin Shipyard,True,Contains stock name: Cochin Shipyard,-8.499902469338849e-06,neutral,general,0.0,0.0,-1.4166504115564749e-05
20250817_162848,COCHINSHIP.NS,2025-08-13,Cochin Shipyard gains after Q1 PAT rises 8 YoY to Rs 188 crore - Business Standard,GoogleNewsRSS,https://news.google.com/rss/articles/CBMi3AFBVV95cUxNMTNnOVd4eVBZVklnM2c2UkV1NE9pa01XQ3BBMXZaLUtERU9xSk96NTFOdG1FMlh0OHVFU0tUNjRJUXI2RGg5VUlhbVFGbm9fZXpQdGJTUm5qdmxXXzk1a3NuakpZdlNRUjNOM3pJbXZCR3Ric2UySTFqbWRWZUQzSlZ3YkxzMk5tNHRjY21uTG9ULWR3bFp2bm5fanp6Z0hFc1BvVFZyZTJTRTY5QU8tMDdtT0FIaHA1Vy1oVkNvU1l4eDA3bWRsbW9nZkpEaGVwdHY0SW5nQ0k3RXlf0gHiAUFVX3lxTE1Jd3hLRzdzTV9kLVc5ZEhVWExJNGxjZWpVNlVOSm9SZkVRWnB2dXFFZXE3ZGFDVGdlY0R1U0NVVndqRDRDcGc4eFRGLWxCTWJhWnJhaW9WWXBXak54aGJMNTFNUHNiV3R3N2V2LU05VEphZWtyMmlhSVNzVjhjTF9telg1a05pMXdwUEtiNS05UG1mRjhBaEdZaW9FWURPS0ZFOU81X21xbUlXb3psb3NXTEJ2Wnh2cWc4TjVYeHAtLU5SdzlienZCVTJCbTc3YzE3amlUTWhYcTlLTk9qczl3bUE?oc=5,Cochin Shipyard,True,Contains stock name: Cochin Shipyard,0.6849903440475463,positive,earnings,0.0,0.34,0.9999839067459106
20250817_162848,COCHINSHIP.NS,2025-08-12,Cochin Shipyard Q1 FY26 Net Profit Drops Marginally to 187.83 Crore - Moneycontrol,GoogleNewsRSS,https://news.google.com/rss/articles/CBMi3gFBVV95cUxOUE9aTXFhcXNVTlNCMk5XMWlxUWFmR3ZwZWQtNi1mektwa1M0VDc5OGhmQXpSSlA5NEhoelFmVXlrNjhKMkVLaWp0SmNUNGdacXZlSE9FSWVfQnBxa29NSnB5bFVVTGZJU2F4WFpIVzZ6a296cXEyQkpSblpQYjJXaXIyRmtHdjRaalhMa3pHa2xQdWt1aGdiYzU0aFk1QW5Na1JlUUxWVThSSGpETjBJUDR4VGVhTDMtSHgwbmJaVGNkNEFodHlzejFvQm9MeERVWE8xb1FnWHA0bjlCemfSAeMBQVVfeXFMTy1nM0ZlQ205T20xRUZMQXVDSkl3cGpUX01wQWFWa0lEcXJBVTV2bEtxOUVHMWxjXzktTkp1S3M3LXNKMktpb2Iwd001MXhPR25sR2kwb0RfTHZpUVhLWEdaVFBUTjM1QUY0SW9LN1JaTklaVVI0TUFUT0FiX0ViMDRoaUlQM2k1dEZCc19FNU41aVFWekRJQUlEb2R0ZWdwdGs1N0dPTWNpZjVQcXQ5b1dwVlhsTTdIRVI0dmtiam5lVUc3Y0pCV3plNENkcEFZYWw0QXdXRVdnRmNnSzVBMlJKM2M?oc=5,Cochin Shipyard,True,Contains stock name: Cochin Shipyard,-0.4897896360397339,negative,earnings,0.0,0.4404,-0.9998160600662231
20250817_162848,COCHINSHIP.NS,2025-08-12,Cochin Shipyard Q1 FY26 Net Profit Drops Marginally to 187.83 Crore - Moneycontrol,GoogleNewsRSS,https://news.google.com/rss/articles/CBMi3gFBVV95cUxOUE9aTXFhcXNVTlNCMk5XMWlxUWFmR3ZwZWQtNi1mektwa1M0VDc5OGhmQXpSSlA5NEhoelFmVXlrNjhKMkVLaWp0SmNUNGdacXZlSE9FSWVfQnBxa29NSnB5bFVVTGZJU2F4WFpIVzZ6a296cXEyQkpSblpQYjJXaXIyRmtHdjRaalhMa3pHa2xQdWt1aGdiYzU0aFk1QW5Na1JlUUxWVThSSGpETjBJUDR4VGVhTDMtSHgwbmJaVGNkNEFodHlzejFvQm9MeERVWE8xb1FnWHA0bjlCemfSAeMBQVVfeXFMTy1nM0ZlQ205T20xRUZMQXVDSkl3cGpUX01wQWFWa0lEcXJBVTV2bEtxOUVHMWxjXzktTkp1S3M3LXNKMktpb2Iwd001MXhPR25sR2kwb0RfTHZpUVhLWEdaVFBUTjM1QUY0SW9LN1JaTklaVVI0TUFUT0FiX0ViMDRoaUlQM2k1dEZCc19FNU41aVFWekRJQUlEb2R0ZWdwdGs1N0dPTWNpZjVQcXQ5b1dwVlhsTTdIRVI0dmtiam5lVUc3Y0pCV3plNENkcEFZYWw0QXdXRVdnRmNnSzVBMlJKM2M?oc=5,COCHINSHIP,True,Contains stock name: Cochin Shipyard,-0.4897896360397339,negative,earnings,0.0,0.4404,-0.9998160600662231
20250817_162848,COCHINSHIP.NS,2025-05-15,Cochin Shipyard Q4 Results Consol PAT climbs 11 YoY to 287.18 crore declares dividend of 2.25 per share - Mint,GoogleNewsRSS,https://news.google.com/rss/articles/CBMivwFBVV95cUxNNE85UnZaUG5rN3h5OVllT195SXZsZlY3dWFGMXZVQXdLd2Z4dkM0VzlwbENOWmxoWWZheVJYcDlFSkI4SVFzV3BkM3d3NUdKQW1SNFo1Z3VVRDFLa3ZLS3hpTVd4OTNaVTFZc2VDQk9LWHREU0dObE9YQXVuQzVtUnp2aGFMSXA1TlktUDFCRFpYRGE4Y2dRMEZTeU0xU0Z0enZpcGU0Sy01ZlBiOHJrNjZhV3h0dFRERDVtY2ZSSdIBxAFBVV95cUxNNl9FcVJpcXZOM3hSY1k4bWVBRUNRdGowOWlLaHo3U2FrNDdYN0M2ZmVKWkNtZGVDQ2lUc0ZCWGdDZTVhVVB4SHMyYnBNTmlhcWVqN0ZOcF92ZHdRWFYxZndNTzhVX01MQjFUOG56SndPcWRQdzhNN1ZtLWZaRzZJTFZaT2RDWno2VzJ5a083S3pLMzBUejFsRnowaHROZVZGZlY5MGRSNkRWeDVvbk1PUno1d2dmN1EtVFVvRkRJQk5jN2FN?oc=5,COCHINSHIP,True,Contains stock name: Cochin Shipyard,0.6728000512123107,positive,earnings,0.0,0.296,0.9980000853538513
20250817_162848,COCHINSHIP.NS,2025-05-16,"Cochin Shipyard share price extends gains, rises 13 post Q4 results, dividend announcement - Mint",GoogleNewsRSS,https://news.google.com/rss/articles/CBMi7gFBVV95cUxNeGkxTHlGX203MDFLUWVuY05jNUdjUElzdkpaaFR3VmlJQ3hXaEpMTW5USXVtcVFRQ0hqdnRmSmgzT2YydlhjcWtuTWFrZk82U0xrQ0FWYXd1dVB0eXJDTFhlNlNYaTk2QlhWTDAyWS05ck5tSDNTODR2RFczY3B3Y29zWmVKdDhVVjRBVlBzX2pyU0JjWHdEcjNQbHRpOElyb3FkYUxHZDN3RTNxczVqQmdGMGpDTjlNOWxLcURBNTJ6YUNEXzVwSGhqWFZlTTBxWDBEWHJZekY2ZnlIblFOaFo0R2xfNlV6V2ZKRHFB0gHzAUFVX3lxTE83SU80ejloTkphX2NtendVU3ZfUnZhWC1qV3lfbVIycm5EOFpsUlBtVndhT1BkMXNNNkFpM0VGRnh3bWd3MEtMUE5hOU1xWWk5THN5S0RvOFFsWkxqZlkzakxWZnk4bUZGTmtqLVFlMjZ0aDZncmd6UzFXT2t3UTlYWjB0bGVFOFlDNFNTclYzYzJ1Uy15ZS1DaEM4czNud1FsMXZZS09FRmRuZkNSTDMzUWFmNmRiUkRYbFMwREpRMnZLUk4wRlpRb1V5TmtVdkJTZm04dmVTZ29XV0g5MTFZYllqWjRKM19razlhaFEzeWl2UQ?oc=5,COCHINSHIP,True,Contains stock name: Cochin Shipyard,0.755183659172058,positive,earnings,0.0,0.6249,0.9982644319534302
20250817_162848,COCHINSHIP.NS,2025-06-24,"Stocks to Watch today Cochin Shipyard, KPIT Tech, HG Infra, Reliance Infra - Business Standard",GoogleNewsRSS,https://news.google.com/rss/articles/CBMigAJBVV95cUxOcHhNV09DWGh5My0xTHhmbmJETnFCTXpXaHVjV0c3eTZjV1o0YUpPMHdwM28wZXVsTG5DTnJmcWN3ajZCY1h0UmRtQ29OTDdSYTZxSmxHNE8xcjd6NkRxLWNKd0R5a25ZVzFHZ3VoVTNZSENFZFJqeGRyVWxUX3RjNlFMUUJIUktrMEdhRjZCalN1Y2tfaTlKcC1xQmZPTHhYeVFSWnFyRXh2UFFnUjVYT1lGVURULUpXVE5fM1p3OVBOREFGT1lvc01uUG1UclJIZV9MallodXZJbVBobzQ3QVIxZm85eFczZEdoaS0xdXphV182cUZEVl9Xdnp3ZGJV0gGGAkFVX3lxTE00b0NacmxZRWZFQVYxc0gwSExpN3k3Wk1rX2lhSkw3ZjRGMmJ3RUtzbzhmNVh5OW1OR3BoOE0zU2tRY04yZEdiemRma3N2aXp1dTZvN3ZyOVhxRmxCNmtmRUxfWUM3NS1LQzE1eTVnQ2lLQnFxd3hHVk5ZMFJCLTA1NlVrODY1Nkg0cElTS29rblM5emVjQlRvUkZ0R091Q0tZYzlTTkNncHRjWkdNZ1lOdEE5dnVKdF9HVHIzWS0wZkx2UllrX0ZOY01ROXE3R1ByZS02eVduR1A3NzFYbVJNTG5maFlBTHBSamFzc2dHa1haWHl0YktrTVcybzljWG1md3ZWeWc?oc=5,COCHINSHIP,True,Contains stock name: Cochin Shipyard,-5.447106814244762e-05,neutral,general,0.0,0.0,-9.078511357074603e-05
20250817_162848,COCHINSHIP.NS,2025-08-12,Cochin Shipyard June-Quarter Consol Net Profit 1.88 Billion Rupees - TradingView,GoogleNewsRSS,https://news.google.com/rss/articles/CBMi0gFBVV95cUxNQXpfOVd3VEloTjVnZEc4aTNJQjQ2XzNaYkFnM21qR0FLSVNyWlZhNWZNeU5VcDJWWVFNQ3JmUTV1OWxXMThWUko2di1YZ3JxNmhURGFpWVNLbWpfNXBBaXU2dHJXZUE4VFRldElQaG40cV90N2dYeDEzaGNnd3pRWTEwcWY2MWE1TmkxbEMxTzVnV0JBdjdzYVRmOXVrZkNORkd3aGRxalVLYk9qcW84d2FHdHFDZEZlRERvdW5DWk00T1NMdEVYN1ExM1VSd3F1Ync?oc=5,COCHINSHIP,True,Contains stock name: Cochin Shipyard,0.11005739849691745,positive,earnings,0.0,0.4404,-7.10025051375851e-05
20250817_162848,COCHINSHIP.NS,2025-08-14,"Cochin Shipyard Key Metrics Find Key Metrics, Cochin Shipyard Financial Ratios and Highlights - Mint",GoogleNewsRSS,https://news.google.com/rss/articles/CBMie0FVX3lxTFBpbHFMdjZWMWRoZXBaX3ZQR19Ud3lDXzdrZkptM1NabVZsWm9FOE9EekxVODd0S0RLTXIzdS15NTNMSkZlU3pvQV8tU2xldzVIRWV1dWw0cjktdEU4X2NXY3drZDlrQU9lRHFWTzFvMVMtbXphQkYwY2JpTQ?oc=5,COCHINSHIP,True,Contains stock name: Cochin Shipyard,-2.1255419414956123e-05,neutral,general,0.0,0.0,-3.542569902492687e-05
20250817_162848,COCHINSHIP.NS,2025-06-03,"Cochin Shipyard, GRSE to Mazagon Dock Defence stocks extend gain do you own any of these? - Mint",GoogleNewsRSS,https://news.google.com/rss/articles/CBMi7gFBVV95cUxNXzRZLVBlVmNFQUFIcURFLXNoOUYyNUd3d21hbGhBdTRIWEpJTFZkN1VpSm16V1B3dUN6dEhjbjBLRlhnZmV3VlZDc3h6cHpBNkgyWGtfdXNKbUJfMWdscDRHNjFWNTRUYnN4RnRSQXNRMGh0ZWQ3NFc1bk1QWmpRMWc4NmgtS001Wk40aWZzdlNhRlRtdmZKTUFvQVM3Y3M2UTN2TXl4SUxnWTNCV2tqd19PdTRKclc5YktDQ2hDVkVXQmo2WmtQY3d6cFhRd1FKN0NxSTQxazJ2TldES05rV2NaN19QUWx1NUhkRC1B0gHzAUFVX3lxTE93TlZTMl9DSGpZSzM4X2g2TkdwLTlOMU5xY2gzc21YWGQxVnJISUpMVUF2UU52b2o1S2FpNU9POHNYWjkwWlNnNkVCZmlfUzZHTUhqN2VwM3JqaG1sRUtBN3Y3QVVXUlRYNld4V3RWNlo0YldNSGJUN2E0dERIUU1lMXo4Vnk0bTVONEhlVktEaXZQNHZUWDdPOTJhNmtPZEdhaXdBclVObFBHX2lvblFsb1E0VmlDSms2Yy1QTk5iZjZBTUxPeHNMdktaV2lpZkxWSnBhRjFyaEJEZ0xxNHlnT2kzc1cwc2xjV0x1YzAtc0dkdw?oc=5,COCHINSHIP,True,Contains stock name: Cochin Shipyard,0.2574368790099397,positive,general,0.6,0.6705,-0.00031353498343378305
20250817_162848,COCHINSHIP.NS,2025-07-01,"Cochin Shipyard, Mazagon to Silka Interplant Defence stocks rally up to 172 in H1 CY25. Do you own any? - Mint",GoogleNewsRSS,https://news.google.com/rss/articles/CBMi_wFBVV95cUxOa1c3ZENPX1Z6LXpzbnk0YVRFaWJTVks2bHl4MHR0RzRnSHhYWTlwazh3WXBMWlF0Yk9ZbE9kWW5WQnFNcHFJUXUwM2NSV2RRZTNueE1VN0JVSGxTZWdLY2VweE1aN21mcnllTi1yQmZSM0ZoVnZHc3VPTm1xNWRadm9NUGFxM2NVQmNPQnZxZ09sRHZHZnVKLVBtQ2JITWVGSDhkYXlwOHJzR2lvV213dzhTMzRDcUpFRjlLRnYtS1dmc25BSjlfODR5MHB3eEVQUGRYMEc0ZExxa3ZWSHNZTFF5cVNEcHd0cXRORVBpSXFGaVp4b05LdktWckgxZUU?oc=5,COCHINSHIP,True,Contains stock name: Cochin Shipyard,0.11577969576809555,positive,general,0.6,0.1027,0.00017449294682592154
20250817_162848,COCHINSHIP.NS,2025-05-15,"Cochin Shipyard Q4 results Profit rises 10 to 287.2 cr, revenue up 36 - Business Standard",GoogleNewsRSS,https://news.google.com/rss/articles/CBMi5AFBVV95cUxQWWk4V0RNQ0hNaDR3V01UNm5TbHFES01LLW1MdGlUWlZ2TWlXX0kyOUROUWJLcnJCWTZWcWJndmNaNVFYUHZxeHNMV2dod1g3YlJnUUVpaFcyQk1DdGItZWVhY1lYZWg1Vk44NnE3MV9vQzBRS29TdWV2Rm5RM0M0T1FNdUQtMzBtNzJMWmhORW1CaDdRcC16VWl6cTBiRjlfeUI3VnE2SWNsc3k1ZnJUQmVZczQ2OFgycGwwLTJlM0k0c3MtQjJpZTQxUTJGbFlhRGY2MzJnN01ZS19Jb0U2OUVRWGrSAeoBQVVfeXFMTl85eWlaTnZfSzc1LUw0a1Z6Nm16b1ZUYXNOT0daV0swb09UM2U2c2Y3QmRrTDRtV2hnQTltUDdJMkNSZ1c3SUdDZlFONmlUNm1vV3F2VW9sa2Jmd1phQl9oOFJkRVhuUVhXTms1anlzQ01KN3ZsREFQNkhmdUNPT0dUYm5GYzhXelpTTzZrb29FcjRUR21WbmxhbVVScHB4Z0tSUC01QkhxUkJkWGFXcXV1MTk5R1hCcFB6Nkx1bGFNUmJOeUg5N2tuelpPbjFXMVloWTAwa1FVdzkzbm5FQ3YyOVZsR2hLbTR3?oc=5,COCHINSHIP,True,Contains stock name: Cochin Shipyard,0.7100997854232788,positive,earnings,0.0,0.4404,0.9999996423721313
20250817_162848,COCHINSHIP.NS,2025-06-05,Cochin Shipyard soars 13 on heavy volumes zooms 100 from February low - Business Standard,GoogleNewsRSS,https://news.google.com/rss/articles/CBMi0gFBVV95cUxPRE5VbXFiUmc5UjBwaFlDc0xzdTNMRm9lZWRBSlZTSnBSNTJSOE8wcVBtd2ppdlpVV1lpYWVTU1JzenhZUHdTZnlnZzBQQXliZW9pcDhMbm9JeV9YR0F2T2liWWg5VEpVcXFDS0FfLXM0Z1ZOZmxNVDdaOVYzV0hVRWxycmhNQ1pRbFhpa1I2bGN1VkRRcWRndWh6NDYwUzJGdHdFcUFsbGRzUW4yZTZOdUlDc0VtZlNLd0RXSnFmejFPWnIzZTFLd19zcTZUUk9Bb2fSAdcBQVVfeXFMUFlkV3lWVWw4M19ZanhlX0RkREozTktpVUlXSFE4ekl0RUduWEgxSjUwc1BPUk1MSWJQak44cnNXSk1FbFpKRnFna21EQXdBQ2IxYXN6NlZzQlhUOFBVUzNuRHhhOTZRd3BGMzFaSVFjN3ZlVjhXdS1DMVJ2bnFPQ0Q4OU81TEZma1BfbUtDUFA5eHBjRUhlYnBUX0xtUi1qamdEdTNmaFdFMEtCWktHSTc2b0VSNzZrWVNMcUFKWko0Q0Qzc3hMazc5dWpsSW9kZzRIUFBubjg?oc=5,COCHINSHIP,True,Contains stock name: Cochin Shipyard,-0.07565288405790925,neutral,general,-0.06666666666666667,-0.2732,0.004411859903484583
20250817_162848,COCHINSHIP.NS,2025-08-14,Cochin Shipyard shareholdings Find Cochin Shipyard Shareholding Pattern and Ownership - Mint,GoogleNewsRSS,https://news.google.com/rss/articles/CBMif0FVX3lxTFBXS2tFRUh0SVFXRkVlaGdZS3d2eTh2cEhlcE9sMXZPay1ueDRQcGNzZUZ6UXJ0UDNFSUhIUk1pTnZNdjlKMEIwalZZWXduZ2NLdkIwUE83NlR0bXhZX2x1ZEZMTFFtNVVsV2lBUGJLaEszaFBWZUMzSkpCR254akk?oc=5,COCHINSHIP,True,Contains stock name: Cochin Shipyard,-3.933047355531016e-06,neutral,broker_rating,0.0,0.0,-6.555078925885027e-06
20250817_162848,COCHINSHIP.NS,2025-06-09,How to trade Cochin Shipyard shares and 3 stock ideas for the week from Rupak De - The Economic Times,GoogleNewsRSS,https://news.google.com/rss/articles/CBMi6gFBVV95cUxNaHh1NmJBRU0xSmNTU0FrSGNKZHVzZFhmZjlsUnF1ak56Y1BsdGpTa2lZVUtvdURhRXJJVXJVX0lsMk5uT1dhRy1IcDlySXdkT3RLWlBxSWt5N2dTWWpzTS1LQ01lcUZwSkpuUV93TEttclNoWkpaazdMVjBCQ2xrRnNaMV84eC03X3ZQbGFycThheHRBYU5jbGJ0Q1NBUHpNbEc0bGdvNkxwZjB4U2w2SEEwaUppUWIxZ3Y1YjkwTzNkMGd0MXppaldxdEtRN0o2bTJUWHUyMkZzSjYwdmpWQjFmTGY0M2Q5MlHSAe8BQVVfeXFMTXhFVHZMRnFteFpxU3VfMXAzSGRrS0RwZ0xZMDljQ0k0U1hZeU1HVFNPX0Z1MjVWdWdvSWl5TUdfaGVNRDZ2NGg1aFVNN0lNNFNXN1JBSmh3X043WmJfUkRTQmV2SDJTcG92cVRRRU9BUUMxQ1lFYTRFdTBmNlZjMjV3Yk85WU1tMF9hMmxiUlR0UmRQR0JOQzMwekI2M01nYkZzVFVDVmJtSmllMFc4Mmp6LUdIakJWWXRYMjM3UUk5VkhMOFpLOEpCZnZBQ3BxeXVUejlvM0ZWM2l2Wm1mdHlCOW54Y1JELTdFVlNOZWc?oc=5,COCHINSHIP,True,Contains stock name: Cochin Shipyard,0.10485535331163555,positive,general,0.2,0.296,0.001425588852725923
20250817_162848,COCHINSHIP.NS,2025-06-23,Cochin Shipyard receives cruise vessel order from Antara River Cruises - Business Standard,GoogleNewsRSS,https://news.google.com/rss/articles/CBMi1gFBVV95cUxQa2VPRHBwYTdDQTJOVW9DMzFyMDFqZFZkQ3FGZ2dmZHpVQjRPQWFLbjdYWWN1WVpQdmx3Y2NteU42bTJPZUs2QzB2a29HcFc1X1BlMmtUdmpsR0htaUV0VlBjM0hydVI5V01mWFF0bkZ4M21Mdmp3QlFmdkZ5MzlDeEIzZVRDTFQ3eFBLRkhlMlowVlhocWN3bXlxcVV2cmptZF85cEdOb2MzNEtVU2NyNENFQXZMVTJJNUg2ZUZwTFJQLUxRNktiWGRWYW1HUFdLYzJWcnFB0gHbAUFVX3lxTE1ndFBDWjNRY2tnZDB4dnBTcEhvclFvR05Ycm9mWGZoNl9aVmVWc3dFYTBTNW5JcjNtVnBUSXVibTd0UVJjRmd2STQ5WDROMlg1ci1DMkZpVEpZMjNHcE9FRHV6WmhfY3JITXUwSVVQVnh2b3RvUVozNFdhYlJTMXVHaDFMZTNzUVU3MTV6NndOSUlhMzB4US1fa2hLM25ReUZlNGJEU3ZlLVBXcG1uUTBfQS1qS29Ram1HdXZJRUNmUHJsS0tBSERHdGlzSXpzbVRIenAxYW5fU3Jtdw?oc=5,COCHINSHIP,True,Contains stock name: Cochin Shipyard,-2.137641131412238e-05,neutral,general,0.0,0.0,-3.5627352190203965e-05
20250817_162848,COCHINSHIP.NS,2025-05-15,Cochin Shipyard Q4 net profit rises 10.93 to Rs 287.18 cr on higher income - Business Standard,GoogleNewsRSS,https://news.google.com/rss/articles/CBMi7AFBVV95cUxNeFhmYUtYaUcteE9jTWZVVXJEUHRSbG1HbTZuY1BLR0JELThmZkp6WkMxV3hCQW9yc09TaXk5VVpfU0xLMGdOM3JKWDdFQVppUU8zU1pUaldmNGp5RmRzRG5xV2hLbEotaFk2RzRwOVE0ekdLLVhYT1FGS1lGNkZsLWJyNzFrcF9ZVVEzYVNqYmFMRGNqTWZOTEduRG5PdTFvUXZRbWYxdzBtRktrLTVIZnB2dklzX2x5OFZTazlad1RVNG1DYTNJVnNZaVhiYTNsX1RCc3F2bFZKWVV3djFKMF95b2VQWDVqS0NTZNIB8gFBVV95cUxQemVjeWsxWTNEaWR3UEY5VWJxY1FTd29xenVSOEYxWjBRZDh0M1pVdGNFTDI1Q1o2VU11VjdJdlBFQVAzNGVuLUxYSVk4YTNuVEJpdkdPMGhWdWdoYUpTU1BheE5xcXZsNDNMcExJU2I1WGJWWGlqa0RvVnF5WVJjcDhHNnBWVTdWai1sejBzZmpVNUU5VE0ySi1HTEo0OXV5RmZjZHJGMWhRTFVaZnJ3a0pFa213LVVOUzZzbFJpVzVndERFMndoaGxlUWRVdlhVdHdRQmI4QmlyV1k4aEp3c2J5ZC1pQnNlWnJOTDd1cEZSZw?oc=5,COCHINSHIP,True,Contains stock name: Cochin Shipyard,0.7225997138977049,positive,earnings,0.08333333333333333,0.4404,0.9999995231628418
20250817_162848,COCHINSHIP.NS,2025-07-04,"Cochin Shipyard signs MoU with HD KSOE, South Korea - Business Standard",GoogleNewsRSS,https://news.google.com/rss/articles/CBMizAFBVV95cUxQSW9wUGxMZkpjdVBZd3BrdWlFcEVrM0hxYTF4TTB3ZWlPOUxWS1BMR3IzeV9Fd1pfM0hmNm9LOGtnRHN3cjBpdVBhMnplZ3QxallLaVczcHUtRUdqMEQyWHVQS2RsalpQRWI2XzVPYUpJRVJ5SXYtWUs5ekRnNy1rNzdwZnJmMFhZdGRmUF9xRXNlLUxrVThWNjQ1bXR1MS1MMUhveWF3b2NzTDh2QzdlV3h1eDdXR0tTMlVnUnhHS3kwYmtyZFNLLXlhbGHSAdIBQVVfeXFMTjBSMWNOMXdZWU9KZi1aMzl0TGwtaGk1OFRpb1I1R1pBZjhibU0wRklrVTJpUlpkcm5lWWZqU19JSkUxdXJUYTlUU2NWamZwUTR1aXZ6bkdiQXBnUy1vb2FSTGpicXRLbUNueHpXTGR6SG1YWmNxZ2VBZm9INjdaNTRMMUVOanBrRk14M2h0NGZNWUp1MXRZcnFnMlVFQ0tNZlpzMHN1UmtNQnhpSTZqcC1FeWd4eGxXdkdUMk8xbDNMT25mVHlGMzdJTmtwU010OXpn?oc=5,COCHINSHIP,True,Contains stock name: Cochin Shipyard,-8.877262298483402e-05,neutral,orders_deals,0.0,0.0,-0.00014795437164139003
20250817_162848,COCHINSHIP.NS,2025-05-14,Cochin Shipyard shares surge nearly 7 amid high trading volumes - Moneycontrol,GoogleNewsRSS,https://news.google.com/rss/articles/CBMi2gFBVV95cUxNaG5uMXByMWo0WVBjYWxjM2FzUExocUpkcm96VHJ2UElMRGJpbmowTk5pM0JFU0d6TUZGZ0dQZ3BQdVRLVmpfZEtGZ1RoQmwtRWs2alhhNDlDWHNodHVoTnFzZmkwQ3hpN0pPbFFVY21WelNzSTZkOXlFUTdpSVNjVDBYS2Q3S0k4dnNhQkJ2NG1xb1hUWk44eVhpUkRLUUhFTUpTTFdiWFR1eWwzQkV2LThVR28yYWE2N0s3MkpWQ2JfQlNCOGVfdURpazNyM0h6UjRBVVVVVl91Z9IB3wFBVV95cUxOeG1fVm9MUnJuZFBWSUlWRU1rWnVwR0E5U2dTQ1FHSGVCVWNhSVJRSENlcUNiUXI4ZXNEVWtjNVhCOG9QSWFMbkt6dGVXd0EtaFFfeFJYMlB0Y2VBY3EwZVhJaFdXaFg3UjBha1dsS1hJWXZ4YnZaVWZxNnZPcE9wd3pOdU90cmFmbjdRVFlfNFRtU3VDZ2xKeGJIUXEwUFM2THcyRjFLSVBCNzYwYkZTZF9ZMjl4VENkWDN4Q3VYQkh5bHhrZUVLdWdMMVpKTU5xeWVwZnJVS01ZWndCSlp3?oc=5,COCHINSHIP,True,Contains stock name: Cochin Shipyard,0.6934998927116393,positive,general,0.13,0.296,0.9999998211860657
